Timestamp,Tote Number,Tote Description,Tote Location,Item Name,Category,Condition or Status,ISBN,Notes,Item Photo,QTY,Expiration Date if One
8/23/2025 22:39:50,Bin #01,Utensil Bin,,Utensil Box - Multi Colored ,Camping & Outdoors,,,"Each one has a knife, fork and spoon",,6,
8/23/2025 22:40:14,Bin #01,Utensil Bin,,Salt and Paper,Misc,,,,,1,
8/23/2025 22:40:38,Bin #01,Utensil Bin,,Lemon Juice,Misc,,,,,1,
8/23/2025 22:41:06,Bin #01,Utensil Bin,,Garbage Bag,Camping & Outdoors,,,,,2,
8/23/2025 22:41:36,Bin #01,Utensil Bin,,Fillet Knife,Camping & Outdoors,,,,,1,
8/23/2025 22:44:07,Bin #02,Cleaning Bin,,Small Microfiber Towel - in bag,Camping & Outdoors,,,Compact and in own Bag,,4,
8/23/2025 22:44:42,Bin #02,Cleaning Bin,,Large Microfiber Towel - in bag,Camping & Outdoors,,,Compact and in own Bag,,4,
8/23/2025 22:45:13,Bin #02,Cleaning Bin,,Scrub Sponge,Misc,,,,,1,
8/23/2025 22:45:45,Bin #02,Cleaning Bin,,Hand Soap - in bag,Misc,,,,,1,
8/23/2025 22:46:15,Bin #02,Cleaning Bin,,Soap Bar - in bag,Misc,,,Red Container,,1,
8/23/2025 22:46:54,Bin #02,Cleaning Bin,,Dish Soap - in bag,Misc,,,Dawn Blue,,1,
8/23/2025 22:47:28,Bin #02,Cleaning Bin,,Flushable Wipes - Amazon Basics,Misc,Unopened,,,,1,
8/23/2025 22:53:24,Bin #03,Batteries/Lights Bin,,Lantern - Rechargable,Misc,,,USB-C,,1,
8/23/2025 22:54:10,Bin #03,Batteries/Lights Bin,,Light Bar - Rechargeable,Tech & Media,,,USB-C,,1,
8/23/2025 22:54:42,Bin #03,Batteries/Lights Bin,,Battery Head Lamps,Misc,,,AAA Batteries,,3,
8/23/2025 22:55:09,Bin #03,Batteries/Lights Bin,,Head Lamp - Rechargeable,Misc,,,In Own Case,,1,
8/23/2025 22:56:12,Bin #03,Batteries/Lights Bin,,AAA Batteries - Case in bag,Misc,,,3D Printed Case,,~10,
8/23/2025 22:56:51,Bin #03,Batteries/Lights Bin,,AA Batteries - Case in Bag,Misc,,,3D Printed Case,,~10,
8/23/2025 23:26:42,Bin #04,Toiletry Bin,,Wipes - Flushable,Misc,Unopened,,Amazon Basics,,1,
8/23/2025 23:27:52,Bin #04,Toiletry Bin,,Toilet Waste Bags - Double Doodie,Misc,,,Bags have Chemical Bead inside,,4,
8/23/2025 23:28:30,Bin #04,Toiletry Bin,,Port-a-potty Chemicals,Misc,,,,,2,
7/18/2025 12:59:17,Book Box #1,James Office Books,Uhaul Unit #AA5929N,Wizardology,Books,,9780763628956,Hardback,,1,
7/18/2025 13:01:18,Book Box #1,James Office Books,Uhaul Unit #AA5929N,Dragonology,Books,,9780763623296,Hardback,,1,
7/18/2025 13:02:50,Book Box #1,James Office Books,Uhaul Unit #AA5929N,The Art of The Lord of the Rings by J.R.R. Tolkien,Books,,9780544636347,Hard Back,,1,
7/18/2025 13:04:07,Book Box #1,James Office Books,Uhaul Unit #AA5929N,"Norse Myths Tales of Odin, Thor, and Loki",Books,,9780763695002,Hardback,,1,
7/18/2025 13:06:55,Book Box #1,James Office Books,Uhaul Unit #AA5929N,The Heart of the Dragon,Books,,0-395-35336-X,Hardback,,1,
7/18/2025 13:08:50,Book Box #1,James Office Books,Uhaul Unit #AA5929N,Swords of the Viking Age - Ian Peirce,Books,,978-1-84383-089-4,softback,,1,
7/18/2025 13:10:01,Book Box #1,James Office Books,Uhaul Unit #AA5929N,Dragons A Natural History - Dr. Karl Shuker,Books,,975-0-7607-4551-X,Hardback,,1,
7/18/2025 13:11:23,Book Box #1,James Office Books,Uhaul Unit #AA5929N,"Nordic Tales Folktales from Norway, Sweden, Finland, Iceland, and Denmark",Books,,978-1-4521-7447-1,Harback,,1,
7/18/2025 13:18:40,Book Box #1,James Office Books,Uhaul Unit #AA5929N,The Illustrated Ninja Handbook,Books,,978-4-8053-1305-3,Softback,,1,
7/18/2025 13:19:31,Book Box #1,James Office Books,Uhaul Unit #AA5929N,The Procurement and Supply Manager's Desk Reference,Books,,978-1-118-13009-4,Hardback,,1,
7/18/2025 13:20:34,Book Box #1,James Office Books,Uhaul Unit #AA5929N,The Art of War - Sun Tzu,Books,,978-0-7858-2922-5,Hardback,,1,
7/18/2025 13:21:46,Book Box #1,James Office Books,Uhaul Unit #AA5929N,The Total Money Makeover Workbook - Dave Ramsey,Books,,978-1-4002-0650-6,Workbook that goes with the Actual Book,,1,
7/18/2025 13:22:42,Book Box #1,James Office Books,Uhaul Unit #AA5929N,The Total Money Makeover - Dave Ramsey,Books,,978-1-5955-5527-4,Hardback,,1,
7/18/2025 13:23:31,Book Box #1,James Office Books,Uhaul Unit #AA5929N,Accounting for Dummies - Wiley Brand,Books,,978-1-118-48222-3,Softbook,,1,
7/18/2025 13:24:42,Book Box #1,James Office Books,Uhaul Unit #AA5929N,The Big Book of Answers (Revised and Updated),Books,,978-1-57859-640-9,Hardback,,1,
7/18/2025 13:26:21,Book Box #1,James Office Books,Uhaul Unit #AA5929N,TCP/IP Guide - Kozierok,Books,,978-1-5932-7047-6,Hardback - School Book,,1,
7/18/2025 13:29:36,Book Box #1,James Office Books,Uhaul Unit #AA5929N,The Dresden Files - Welcome to the Jungle - Illustrated,Books,,978-0-345-50746-4,Graphic Novel,,1,
7/18/2025 13:30:56,Book Box #1,James Office Books,Uhaul Unit #AA5929N,The Dresden Files - Storm Front Vol. 2 Maelstrom - Illustrated,Books,,978-1-60690-160-1,Graphic Novel,,1,
7/18/2025 13:31:40,Book Box #1,James Office Books,Uhaul Unit #AA5929N,The Dresden Files - Ghoul Goblin - Illustrated,Books,,978-1-60690-438-1,Graphic Novel,,1,
7/18/2025 13:32:36,Book Box #1,James Office Books,Uhaul Unit #AA5929N,The Dresden Files - Dog Men - Illustrated,Books,,978-1-5241-0544-0,Graphic Novel,,1,
7/18/2025 13:33:29,Book Box #1,James Office Books,Uhaul Unit #AA5929N,The Dresden Files - Storm Front Vol. 1 The Gathering Storm - Illustrated,Books,,978-0-345-50639-9,Graphic Novel,,1,
7/18/2025 13:34:48,Book Box #1,James Office Books,Uhaul Unit #AA5929N,The Dresden Files - Wild Card - Illustrated,Books,,978-1-5241-0098-8,Graphic Novels,,1,
7/18/2025 13:35:52,Book Box #1,James Office Books,Uhaul Unit #AA5929N,The Dresden Files - Fool Moon Vol. 1 - Illustrated,Books,,978-1-60690-210-3,Graphic Novel,,1,
7/18/2025 13:39:04,Book Box #1,James Office Books,Uhaul Unit #AA5929N,Rick and Morty vs Dungeons & Dragons,Books,,978-1-68405-416-9,Graphic Novel,,1,
7/18/2025 13:39:48,Book Box #1,James Office Books,Uhaul Unit #AA5929N,The Dresden Files - Omnibus Volume Two,Books,,978-1-5241-0422-1,Graphic Novels,,1,
7/18/2025 13:40:22,Book Box #1,James Office Books,Uhaul Unit #AA5929N,The Dresden Files - Omnibus Volume One,Books,,978-1-60690-663-7,Graphic Novels,,1,
7/18/2025 13:42:51,Book Box #1,James Office Books,Uhaul Unit #AA5929N,The Art of Japanese Swordsmanship - A Manual of Eishin-Ryu Iaido,Books,,0-8348-0300-3,Softback,,1,
7/18/2025 13:43:32,Book Box #1,James Office Books,Uhaul Unit #AA5929N,Cracking the Coding Interview,Books,,978-0-9847828-5-7,Softback,,1,
7/18/2025 13:44:51,Book Box #1,James Office Books,Uhaul Unit #AA5929N,The Witcher Ronin- Jaki | Hataya,Books,,978-1-50673-350-0,Japanese Style Binding (Right handed),,1,
7/18/2025 13:48:05,Book Box #1,James Office Books,Uhaul Unit #AA5929N,Blood Rites - Jim Butcher,Books,,978-0-356-50032-4,Softback,,1,
7/18/2025 13:50:30,Book Box #1,James Office Books,Uhaul Unit #AA5929N,Grave Peril - Jim Butcher,Books,,978-0-451-45844-5,,,1,
7/18/2025 13:51:00,Book Box #1,James Office Books,Uhaul Unit #AA5929N,Proven Guilty - Jim Butcher,Books,,978-0-451-46103-2,,,1,
7/18/2025 13:51:39,Book Box #1,James Office Books,Uhaul Unit #AA5929N,Storm Front - Jim Butcher,Books,,978-0-451-45781-3,,,1,
7/18/2025 13:52:38,Book Box #1,James Office Books,Uhaul Unit #AA5929N,Fool Moon - Jim Butcher,Books,,978-0-451-45812-4,,,1,
7/18/2025 13:53:40,Book Box #1,James Office Books,Uhaul Unit #AA5929N,Dead Beat - Jim Butcher,Books,,978-0-451-46091-2,,,1,
7/18/2025 13:54:20,Book Box #1,James Office Books,Uhaul Unit #AA5929N,Death Masks - Jim Butcher,Books,,0-451-45940-7,,,1,
7/18/2025 13:55:39,Book Box #1,James Office Books,Uhaul Unit #AA5929N,Summer Knight - Jim Butcher,Books,,978-0-451-45892-6,,,1,
7/18/2025 13:56:50,Book Box #1,James Office Books,Uhaul Unit #AA5929N,The Darksteel Eye - Jess Lebow,Books,,0-7869-3140-X,Magic the Gathering Novels - Mirrodin Cycle - Book 2,,1,
7/18/2025 13:57:43,Book Box #1,James Office Books,Uhaul Unit #AA5929N,Ravinica - Cory J. Herndon,Books,,0-7869-3792-0,Magic the Gathering Novel - Ravinca Cycle - Book 1,,1,
7/18/2025 13:58:39,Book Box #1,James Office Books,Uhaul Unit #AA5929N,Guardian Saviors of Kamigawa - Scott McGough,Books,,0-7869-3786-6,Magic the Gathering Novels - Kamigawa Cycle - Book 3,,1,
7/18/2025 13:59:46,Book Box #1,James Office Books,Uhaul Unit #AA5929N,Heretic Betrayers of Kamigawa - Scott McGough,Books,,0-7869-3575-8,Magic the Gathering Novels - Kamigawa Cycle - Book 2,,1,
7/18/2025 14:00:51,Book Box #1,James Office Books,Uhaul Unit #AA5929N,Legions - J. Robert King,Books,,0-7869-2914-6,Magic the Gathering Novels - Onslaught Cycle - Book 2,,1,
7/18/2025 14:02:37,Book Box #1,James Office Books,Uhaul Unit #AA5929N,Death's City - Sandy Mitchell,Books,,1-84416-240-0,Warhammer Novel,,1,
7/18/2025 14:03:19,Book Box #1,James Office Books,Uhaul Unit #AA5929N,The Dead and the Damned - Jonathan Green,Books,,0-7434-4329-2,Warhammer Novels,,1,
7/18/2025 14:04:59,Book Box #1,James Office Books,Uhaul Unit #AA5929N,Beastslayer - William King,Books,,1-84416-052-1,Warhammer Novels - Gotrek and Felix - Book 5,,1,
7/18/2025 14:05:47,Book Box #1,James Office Books,Uhaul Unit #AA5929N,Trollslayer - William King,Books,,1-84154-100-1,Warhammer Novel - Gotrek and Felix - Book 1,,1,
7/18/2025 14:07:41,Book Box #1,James Office Books,Uhaul Unit #AA5929N,Witch Finder - C.L. Werner,Books,,1-84416-161-7,Warhammer Novel - Mathias Thulmann Series - Book 2,,1,
7/18/2025 14:09:16,Book Box #1,James Office Books,Uhaul Unit #AA5929N,Mark of Heresy - James Wallis,Books,,1-84416-049-1,Warhammer Novel - Marks of Chaos Series,,1,
7/18/2025 14:12:10,Book Box #1,James Office Books,Uhaul Unit #AA5929N,Dragonlance - Chronicles Trilogy,Books,,0-7869-2681-3,Dragonlace Novel - Set of 3 Books,,1,
7/18/2025 14:14:24,Book Box #1,James Office Books,Uhaul Unit #AA5929N,Dragonlance - The War of Souls Trilogy,Books,,0-7869-3002-0,Dragonlance Novel - Set of 3 Books,,1,
7/18/2025 14:16:01,Book Box #1,James Office Books,Uhaul Unit #AA5929N,Dragonlance - Dragons of Summer Flames,Books,,0-7869-2708-9,,,1,
7/18/2025 14:17:16,Book Box #1,James Office Books,Uhaul Unit #AA5929N,Guardians of the Lost - Margaret Weis,Books,,0-06-102058-3,,,1,
7/18/2025 14:18:32,Book Box #1,James Office Books,Uhaul Unit #AA5929N,Seuss-isms for Success,Books,,0-679-89477-2,,,1,
8/9/2025 11:57:30,Tote #03,Subaru Emergency Tote,,First Aid Kit,First Aid,,,,,1,
8/9/2025 11:58:31,Tote #03,Subaru Emergency Tote,,Emergency Thermal Blanket,Emergency Use Only,Unopened,,,,2,
8/9/2025 11:59:36,Tote #03,Subaru Emergency Tote,,Emergency Thermal Blanket - Johnson & Johnson,Emergency Use Only,Unopened,,,,1,
8/10/2025 10:56:24,Tote #03,Subaru Emergency Tote,,The Quiver - Repel Umbrella,Misc,Unopened,,,,2,
8/10/2025 10:59:19,Tote #03,Subaru Emergency Tote,,Hank of Bank Line,Cordage,,,,,1,
8/10/2025 12:08:26,Tote #03,Subaru Emergency Tote,,Grays - Geopress (Blue and Orange),Camping & Outdoors,,,,,1,
8/10/2025 12:08:52,Tote #03,Subaru Emergency Tote,,Gloves - Yellow Nitrile (Large),Clothes,,,,,1,
8/10/2025 12:09:34,Tote #03,Subaru Emergency Tote,,Gloves - Leather KO (Small),Clothes,,,,,1,
8/10/2025 12:10:14,Tote #03,Subaru Emergency Tote,,Gloves - Welding Black Stallion (Large),Clothes,,,,,1,
8/10/2025 12:10:46,Tote #03,Subaru Emergency Tote,,Eddie Bauer - Stowaway 20L Backpack,Camping & Outdoors,,,,,1,
8/10/2025 12:12:10,Tote #03,Subaru Emergency Tote,,Water Purification- Katadyn Pump,Camping & Outdoors,,,,,1,
8/10/2025 12:12:53,Tote #03,Subaru Emergency Tote,,Emergency Poncho - P4X,Emergency Use Only,,,1 of 4,,4,
8/10/2025 12:14:59,Tote #03,Subaru Emergency Tote,,Emergency Blankets - Don’t die in the woods 4-pack,Emergency Use Only,,,,,1,
8/10/2025 12:15:31,Tote #03,Subaru Emergency Tote,,Pull Start Fire (3-pack),Emergency Use Only,Unopened,,,,1,
8/23/2025 23:30:16,Tote #04,Camping - OUTSIDE TENT,,Touletry Bin - Bin #4,Misc,,,,,1,
8/23/2025 23:30:42,Tote #04,Camping - OUTSIDE TENT,,Sawsall - Dewalt,Tools & Gear,,,,,1,
8/23/2025 23:31:34,Tote #04,Camping - OUTSIDE TENT,,Tote #8 - Knives/Tools/Gloves/Cordage,Tools & Gear,,,,,1,
8/23/2025 23:31:55,Tote #04,Camping - OUTSIDE TENT,,Stool - Folding,Tools & Gear,,,,,1,
8/23/2025 23:32:13,Tote #04,Camping - OUTSIDE TENT,,Toilet ,Misc,,,,,1,
8/23/2025 23:32:41,Tote #04,Camping - OUTSIDE TENT,,Emergency Food - Bagged,Camping & Outdoors,,,,,1,
8/23/2025 23:33:19,Tote #04,Camping - OUTSIDE TENT,,Water Pump - Hand washing,Camping & Outdoors,,,,,1,
8/23/2025 23:33:43,Tote #04,Camping - OUTSIDE TENT,,Water Purification - Bag,Camping & Outdoors,,,,,1,
8/23/2025 23:37:15,Tote #04,Camping - OUTSIDE TENT,,Rain Pants/Jacket,Misc,,,,,1,
8/23/2025 23:37:40,Tote #04,Camping - OUTSIDE TENT,,Tarp - Small Blue,Camping & Outdoors,,,,,1,
8/23/2025 23:38:16,Tote #04,Camping - OUTSIDE TENT,,Tarp - Large Gray (Green Bag),Camping & Outdoors,,,,,1,
8/23/2025 23:38:42,Tote #04,Camping - OUTSIDE TENT,,Shemagh - Green,Misc,,,,,1,
8/23/2025 23:39:02,Tote #04,Camping - OUTSIDE TENT,,Hammock - Blue,Camping & Outdoors,,,,,1,
8/23/2025 23:39:27,Tote #04,Camping - OUTSIDE TENT,,Bug Hat - Green,Misc,,,,,2,
8/23/2025 23:39:47,Tote #04,Camping - OUTSIDE TENT,,Gravity Shower,Misc,,,,,1,
8/23/2025 23:42:55,Tote #04,Camping - OUTSIDE TENT,,Hiking Sticks,Camping & Outdoors,,,,,2,
8/23/2025 23:43:23,Tote #04,Camping - OUTSIDE TENT,,Shovel - Red,Tools & Gear,,,,,1,
8/23/2025 23:45:26,Tote #04,Camping - OUTSIDE TENT,,Knee Pads,Misc,,,,,1,
8/24/2025 8:26:55,Tote #04,Camping - OUTSIDE TENT,,Dewalt Battery Charger,Tools,,,,,1,
8/23/2025 22:27:03,Tote #05,Camping - INSIDE TENT,,First Aid Kit,First Aid,,,Refer to First Aid #2,,1,
8/23/2025 22:27:49,Tote #05,Camping - INSIDE TENT,,Clock with temp,Electronics,,,,,1,
8/23/2025 22:28:31,Tote #05,Camping - INSIDE TENT,,Grill/Griddle Scraper,Cooking,,,,,1,
8/23/2025 22:29:07,Tote #05,Camping - INSIDE TENT,,Egg Holder - Green Plastic,Cooking,,,,,1,
8/23/2025 22:29:39,Tote #05,Camping - INSIDE TENT,,Ceramic Plate - Blue Green,Misc,,,,,4,
8/23/2025 22:30:04,Tote #05,Camping - INSIDE TENT,,Collapsible Sink,Cleaning,,,,,1,
8/23/2025 22:30:36,Tote #05,Camping - INSIDE TENT,,Sewing Kit,Tools & Gear,,,,,1,
8/23/2025 22:31:12,Tote #05,Camping - INSIDE TENT,,Tablet Stand - 3D Printed,Misc,,,,,1,
8/23/2025 22:31:41,Tote #05,Camping - INSIDE TENT,,Bowl - blue and green,Camping & Outdoors,,,,,4,
8/23/2025 22:32:40,Tote #05,Camping - INSIDE TENT,,Rope Light - Solar powered,Lights,Opened - Nothing Missing,,Rope light,,1,
8/23/2025 22:33:47,Tote #05,Camping - INSIDE TENT,,Insect Trap - Dyna Trap,Electronics,Opened - Nothing Missing,,Light for bugs at night,,1,
8/23/2025 22:34:21,Tote #05,Camping - INSIDE TENT,,Paper Towel Holder,Camping & Outdoors,,,,,1,
8/23/2025 22:35:43,Tote #05,Camping - INSIDE TENT,,2-in-1 Fan/Light - Portable Fan,Electronics,Opened - Nothing Missing,,Solar panel inside for charging. ,,2,
8/23/2025 22:37:28,Tote #05,Camping - INSIDE TENT,,Cookware Set - 16 Pieces ,Cooking,Opened - Nothing Missing,,Pots/Pans/Lids/Handles,,1,
8/23/2025 22:38:42,Tote #05,Camping - INSIDE TENT,,Utensil Bin - Bin #1,Misc,,,Stores items for eating,,1,
8/23/2025 22:43:00,Tote #05,Camping - INSIDE TENT,,Cleaning Bin - Bin #2,Cleaning,,,"Includes soaps, rags, and wipes. ",,1,
8/23/2025 22:50:16,Tote #05,Camping - INSIDE TENT,,Single Propane Burner Stove - In Bag,Cooking,,,Inside bag is 3 propane canisters and the Cooking Utensils Bag,,1,
8/23/2025 22:50:39,Tote #05,Camping - INSIDE TENT,,Wooden Cutting Board,Cooking,,,,,1,
8/23/2025 22:51:16,Tote #05,Camping - INSIDE TENT,,Grill/Griddle - Camp Chef Dual Sided ,Cooking,,,,,1,
8/23/2025 22:52:40,Tote #05,Camping - INSIDE TENT,,Electronics Bin - Bin #3,Camping & Outdoors,,,,,1,
8/24/2025 7:55:41,Tote #05,Camping - INSIDE TENT,,Mug (Coffee) - Yeti (Copper),Misc,,,,,1,
8/24/2025 7:56:17,Tote #05,Camping - INSIDE TENT,,Mug (Coffee) - Yeti (Silver),Misc,,,,,1,
8/24/2025 7:58:37,Tote #05,Camping - INSIDE TENT,,Lights - Solar Powered,Lights,,,This is the String of Bulb Lights,,1,
8/24/2025 8:05:45,Tote #05,Camping - INSIDE TENT,,Cooking Utensils Bag,Cooking,,,This Bag is Stored INSIDE the Single Burner Propane BAG,,1,
9/13/2025 12:04:38,Tote #05,Camping - OUTSIDE TENT,,5 Gallon Water Jug - Digury,Camping & Outdoors,,,,,1,
9/13/2025 12:05:40,Tote #06,Camping - OUTSIDE TENT,,Water Dispenser - Electric - Digury,Camping & Outdoors,,,,,1,
9/13/2025 12:06:14,Tote #07,Camping - OUTSIDE TENT,,Mosquito coil,Camping & Outdoors,,,,,1,
8/23/2025 23:03:30,Tote #08,Camping Tools/Knives/Gloves/Cordage,,Shovel - Rhino USA Collapsing,Tools & Gear,,,,,1,
8/23/2025 23:04:02,Tote #08,Camping Tools/Knives/Gloves/Cordage,,Gerber Knife - Theos,Tools & Gear,,,,,1,
8/23/2025 23:05:45,Tote #08,Camping Tools/Knives/Gloves/Cordage,,Knife - TBS N695,Tools & Gear,,,,https://drive.google.com/open?id=1O0cFv5DRpi4jFn7DZf13s5FyDJ6h3bPE,1,
8/23/2025 23:06:38,Tote #08,Camping Tools/Knives/Gloves/Cordage,,Knife - Neck Knife w/ fero rod,Tools & Gear,,,,,1,
8/23/2025 23:08:13,Tote #08,Camping Tools/Knives/Gloves/Cordage,,Knife - Pathfinders Knife,Tools & Gear,,,,https://drive.google.com/open?id=1LFgxL4IEbaWXPqo0VwDq2z8v_QBOsi5z,1,
8/23/2025 23:08:35,Tote #08,Camping Tools/Knives/Gloves/Cordage,,Hatchet - Stainless Steel (Theos),Tools & Gear,,,,,1,
8/23/2025 23:09:07,Tote #08,Camping Tools/Knives/Gloves/Cordage,,Crescent Wrench - 15”,Tools & Gear,,,,,1,
8/23/2025 23:09:32,Tote #08,Camping Tools/Knives/Gloves/Cordage,,Pipe Wrench - 14”,Tools & Gear,,,,,1,
8/23/2025 23:10:11,Tote #08,Camping Tools/Knives/Gloves/Cordage,,Folding Saw - Silky GOMBOY Curve 2.0,Tools & Gear,,,,,1,
8/23/2025 23:12:44,Tote #08,Camping Tools/Knives/Gloves/Cordage,,Ratcheting Strap - Orange,Tools & Gear,,,,,1,
8/23/2025 23:13:11,Tote #08,Camping Tools/Knives/Gloves/Cordage,,Cordage - Nano Cord (Lime Green),Camping & Outdoors,,,,,1,
8/23/2025 23:13:32,Tote #08,Camping Tools/Knives/Gloves/Cordage,,Cordage - Nylon Rope,Tools & Gear,,,,,1,
8/23/2025 23:14:04,Tote #08,Camping Tools/Knives/Gloves/Cordage,,18” Bungee Cord - Green,Camping & Outdoors,,,,,2,
8/23/2025 23:14:30,Tote #08,Camping Tools/Knives/Gloves/Cordage,,24” Bungee Cord,Tools & Gear,,,,,2,
8/23/2025 23:15:13,Tote #08,Camping Tools/Knives/Gloves/Cordage,,Tent Stakes - Red Lightweight,Camping & Outdoors,,,,,6,
8/23/2025 23:16:07,Tote #08,Camping Tools/Knives/Gloves/Cordage,,Nylon Cable Ties - small,Misc,,,,,~12,
8/23/2025 23:16:30,Tote #08,Camping Tools/Knives/Gloves/Cordage,,Binoculars - Large,Tools & Gear,,,,,1,
8/23/2025 23:16:50,Tote #08,Camping Tools/Knives/Gloves/Cordage,,Binoculars - Small,Camping & Outdoors,,,,,1,
8/23/2025 23:17:44,Tote #08,Camping Tools/Knives/Gloves/Cordage,,Steel BBs - Container,Camping & Outdoors,Unopened,,,,1,
8/23/2025 23:18:16,Tote #08,Camping Tools/Knives/Gloves/Cordage,,Gloves - Leather (Large),Misc,,,,,1,
8/23/2025 23:18:50,Tote #08,Camping Tools/Knives/Gloves/Cordage,,Gloves - Leather (Small),Misc,,,,,1,
8/23/2025 23:19:44,Tote #08,Camping Tools/Knives/Gloves/Cordage,,Gloves - Ergodyne Work Gloves (Large) red/black,Misc,,,,,1,
8/23/2025 23:20:14,Tote #08,Camping Tools/Knives/Gloves/Cordage,,Gloves - Husky work gloves (Small),Misc,,,,,1,
8/23/2025 23:21:00,Tote #08,Camping Tools/Knives/Gloves/Cordage,,Gloves - Yellow Cut Gloves,Misc,,,,,1,
8/23/2025 23:21:49,Tote #08,Camping Tools/Knives/Gloves/Cordage,,Hammer - 3lb Sledge,Tools & Gear,,,,,1,
8/23/2025 23:22:13,Tote #08,Camping Tools/Knives/Gloves/Cordage,,Hammer - Standard,Tools & Gear,,,,,1,
8/23/2025 23:22:50,Tote #08,Camping Tools/Knives/Gloves/Cordage,,Leatherman Holster - Leather,Misc,,,,,1,
8/23/2025 23:46:03,Tote #08,Camping Tools/Knives/Gloves/Cordage,,Measuring Tape,Tools & Gear,,,,,1,
8/23/2025 23:47:17,Tote #08,Camping Tools/Knives/Gloves/Cordage,,Level - Small Blue,Tools & Gear,,,,,1,
9/13/2025 12:06:46,Tote #08,Camping - OUTSIDE TENT,,Shower Pan,Camping & Outdoors,,,,,1,
,Tote #10,Warhammer Tabletop,Uhaul Unit #AA5929N,Warcry Core Book,Games & Hobbies,,,,,,
,Tote #10,Warhammer Tabletop,Uhaul Unit #AA5929N,Warhammer Age of Sigmar - Order Battletome - Fyreslayers,Games & Hobbies,,,,,,
,Tote #10,Warhammer Tabletop,Uhaul Unit #AA5929N,Warhammer Age of Sigmar - Order Battletome - Seraphon,Games & Hobbies,,,,,,
,Tote #10,Warhammer Tabletop,Uhaul Unit #AA5929N,Warhammer Fantasy Original Starter Set,Games & Hobbies,,,"This is Storing items labeled as ""Inside Fantasy Box""",,,
,Tote #10,Warhammer Tabletop,Uhaul Unit #AA5929N,Warhammer Fantasy Original Starter Set - Inside the Box - Warhammer Fantasy roster sheets,Games & Hobbies,,,Inside Fantasy Starter Box,,,
,Tote #10,Warhammer Tabletop,Uhaul Unit #AA5929N,Warhammer Armies Book Bretonnnia (isbn 1872372457),Games & Hobbies,,1872372457,Inside Fantasy Starter Box,,,
,Tote #10,Warhammer Tabletop,Uhaul Unit #AA5929N,White Dwarf #247,Games & Hobbies,,,Inside Fantasy Starter Box,,,
,Tote #10,Warhammer Tabletop,Uhaul Unit #AA5929N,White Dwarf #215,Games & Hobbies,,,Inside Fantasy Starter Box,,,
,Tote #10,Warhammer Tabletop,Uhaul Unit #AA5929N,Warhammer Fantasy Battle Book (isbn 1869893972),Games & Hobbies,,1869893972,Inside Fantasy Starter Box,,,
,Tote #10,Warhammer Tabletop,Uhaul Unit #AA5929N,Warhammer Fantasy Core Rulebook (isbn 1841540587),Games & Hobbies,,1841540587,Inside Fantasy Starter Box,,,
,Tote #10,Warhammer Tabletop,Uhaul Unit #AA5929N,Warhammer Fantasy Armies Book - Dwarfs (isbn 187237266X),Games & Hobbies,,187237266X,Inside Fantasy Starter Box,,,
,Tote #10,Warhammer Tabletop,Uhaul Unit #AA5929N,2x - Warhammer Fantasy Armies Book - Dwarfs (isbn 1841540668),Games & Hobbies,,1841540668,Inside Fantasy Starter Box,,,
,Tote #10,Warhammer Tabletop,Uhaul Unit #AA5929N,Warhammer Fantasy Armies Book - Dwarfs (isbn 1841546909),Games & Hobbies,,1841546909,Inside Fantasy Starter Box,,,
,Tote #10,Warhammer Tabletop,Uhaul Unit #AA5929N,Warhammer Fantasy Armies Book - The Empire (isbn 1841540595),Games & Hobbies,,1841540595,Inside Fantasy Starter Box,,,
,Tote #10,Warhammer Tabletop,Uhaul Unit #AA5929N,Warhammer Fantasy Rulebook (isbn 187237204X),Games & Hobbies,,187237204X,Inside Fantasy Starter Box,,,
,Tote #10,Warhammer Tabletop,Uhaul Unit #AA5929N,Warhammer Fantasy Armies Book - Lizardmen (isbn 1841549187),Games & Hobbies,,1841549187,Inside Fantasy Starter Box,,,
,Tote #10,Warhammer Tabletop,Uhaul Unit #AA5929N,Warhammer Fantasy Armies Book - Skaven (isbn 978-1841549439),Games & Hobbies,,978-1841549439,Inside Fantasy Starter Box,,,
,Tote #10,Warhammer Tabletop,Uhaul Unit #AA5929N,Warhammer Fantasy Armies Book - Tomb Kings (isbn 1841543365),Games & Hobbies,,1841543365,Inside Fantasy Starter Box,,,
,Tote #10,Warhammer Tabletop,Uhaul Unit #AA5929N,Warhammer Fantasy Armies Book - Ogre Kingdoms (isbn 1841545317),Games & Hobbies,,1841545317,Inside Fantasy Starter Box,,,
,Tote #10,Warhammer Tabletop,Uhaul Unit #AA5929N,Warhammer Fantasy Armies Book - High Elves (isbn 1841541753),Games & Hobbies,,1841541753,Inside Fantasy Starter Box,,,
,Tote #10,Warhammer Tabletop,Uhaul Unit #AA5929N,Warhammer Fantasy Armies Book - Vampire Counts (isbn 1869893751),Games & Hobbies,,1869893751,Inside Fantasy Starter Box,,,
,Tote #10,Warhammer Tabletop,Uhaul Unit #AA5929N,Warhammer Fantasy Armies Book - Warriors of Chaos (isbn 978-1841548982),Games & Hobbies,,978-1841548982,Inside Fantasy Starter Box,,,
,Tote #10,Warhammer Tabletop,Uhaul Unit #AA5929N,Warhammer Fantasy Armies Book - Vampire Counts,Games & Hobbies,,978-1907964275,,,,
,Tote #10,Warhammer Tabletop,Uhaul Unit #AA5929N,2 Binders with All Warhammer age of Sigmar Army Books - Loose Leaf,Games & Hobbies,,,,,,
,Tote #10,Warhammer Tabletop,Uhaul Unit #AA5929N,Warhammer Fantasy Armies Book - High Elves,Games & Hobbies,,978-1841548463,,,,
,Tote #10,Warhammer Tabletop,Uhaul Unit #AA5929N,Warhammer Fantasy Armies Book - Bretonnnia,Games & Hobbies,,1841544507,,,,
,Tote #10,Warhammer Tabletop,Uhaul Unit #AA5929N,Warhammer Age of Sigmar Skaventide Box Set ,Games & Hobbies,,,,,,
,Tote #10,Warhammer Tabletop,Uhaul Unit #AA5929N,Warhammer Age of Sigmar Soul Wars Box Set,Games & Hobbies,,,,,,
,Tote #10,Warhammer Tabletop,Uhaul Unit #AA5929N,Warhammer Age of Sigmar - Order Battletome - Kharadron Overlords,Games & Hobbies,,978-1785818905,,,,
,Tote #10,Warhammer Tabletop,Uhaul Unit #AA5929N,Warhammer Age of Sigmar - Thunder & Blood Book,Games & Hobbies,,,,,,
,Tote #10,Warhammer Tabletop,Uhaul Unit #AA5929N,Warhammer Age of Sigmar - Starter Box (Un-Opened),Games & Hobbies,,,,,,
,Tote #10,Warhammer Tabletop,Uhaul Unit #AA5929N,Warhammer Age of Sigmar - Warscroll Cards - Kharadron Overlords (product code  60220205002),Games & Hobbies,,60220205002,,,,
,Tote #10,Warhammer Tabletop,Uhaul Unit #AA5929N,Warhammer Age of Sigmar - Warscroll Cards - Sylvaneth (product code  60220204002),Games & Hobbies,,60220204002,,,,
,Tote #10,Warhammer Tabletop,Uhaul Unit #AA5929N,Warhammer Fantasy Core Rulebook (isbn 978-1841549644),Games & Hobbies,,978-1841549644,,,,
,Tote #10,Warhammer Tabletop,Uhaul Unit #AA5929N,Warhammer Age of Sigmar Underworlds Starter Set,Games & Hobbies,,,,,,
,Tote #11,HeroQuest & Warhammer Fantasy Roleplay,Uhaul Unit #AA5929N,HeroQuest - Game System (Avalon Hill),Games & Hobbies,,,,,,
,Tote #11,HeroQuest & Warhammer Fantasy Roleplay,Uhaul Unit #AA5929N,HeroQuest - Quest Pack - Against the Ogre Horde (Opened Complete),Games & Hobbies,,,,,,
,Tote #11,HeroQuest & Warhammer Fantasy Roleplay,Uhaul Unit #AA5929N,HeroQuest - Quest Pack - Jungles of Delthrak (Opened Complete),Games & Hobbies,,,,,,
,Tote #11,HeroQuest & Warhammer Fantasy Roleplay,Uhaul Unit #AA5929N,HeroQuest - Quest Pack - The Mage of the Mirror (Opened Complete),Games & Hobbies,,,,,,
,Tote #11,HeroQuest & Warhammer Fantasy Roleplay,Uhaul Unit #AA5929N,HeroQuest - Quest Pack - Rise of the Dread Moon (Un-Opened),Games & Hobbies,,,,,,
,Tote #11,HeroQuest & Warhammer Fantasy Roleplay,Uhaul Unit #AA5929N,HeroQuest - Quest Pack - Proohecy of Telor (Un-Opened),Games & Hobbies,,,,,,
,Tote #11,HeroQuest & Warhammer Fantasy Roleplay,Uhaul Unit #AA5929N,HeroQuest - Hero Collection - Path of the Wandering Monk,Games & Hobbies,,,,,,
,Tote #11,HeroQuest & Warhammer Fantasy Roleplay,Uhaul Unit #AA5929N,Warhammer Fantasy Roleplay - Rulebook (isbn 9780857443359),Games & Hobbies,,9780857443359,,,,
,Tote #11,HeroQuest & Warhammer Fantasy Roleplay,Uhaul Unit #AA5929N,Warhammer Fantasy Roleplay - Rulebook 1995 (isbn 1899749012),Games & Hobbies,,1899749012,,,,
,Tote #11,HeroQuest & Warhammer Fantasy Roleplay,Uhaul Unit #AA5929N,Warhammer Fantasy Roleplay - The Creature Guide (isbn 9781589947047),Games & Hobbies,,9781589947047,,,,
,Tote #11,HeroQuest & Warhammer Fantasy Roleplay,Uhaul Unit #AA5929N,Warhammer Fantasy Roleplay - Rough Nights & Hard Days (ISBN 9780857443380),Games & Hobbies,,9780857443380,,,,
,Tote #11,HeroQuest & Warhammer Fantasy Roleplay,Uhaul Unit #AA5929N,Warhammer Fantasy Roleplay - Black Fire Pass (isbn 9781589948150) - Un-Opened,Games & Hobbies,Un-Opened,9781589948150,,,,
,Tote #11,HeroQuest & Warhammer Fantasy Roleplay,Uhaul Unit #AA5929N,Warhammer Fantasy Roleplay - Omens of War (isbn 9781589948181) - Un-Opened,Games & Hobbies,Un-Opened,9781589948181,,,,
,Tote #11,HeroQuest & Warhammer Fantasy Roleplay,Uhaul Unit #AA5929N,Warhammer Fantasy Roleplay - The Witchâ€™s Song (isbn 9781589947184) - Un-Opened,Games & Hobbies,Un-Opened,9781589947184,,,,
,Tote #11,HeroQuest & Warhammer Fantasy Roleplay,Uhaul Unit #AA5929N,Warhammer Fantasy Roleplay - The Gathering Storm (isbn 9781589946989) - Opened Complete,Games & Hobbies,Opened Complete,9781589946989,,,,
,Tote #11,HeroQuest & Warhammer Fantasy Roleplay,Uhaul Unit #AA5929N,Warhammer Fantasy Roleplay - The Edge of Night (isbn 9781589947023) - Un-Opened,Games & Hobbies,Un-Opened,9781589947023,,,,
,Tote #11,HeroQuest & Warhammer Fantasy Roleplay,Uhaul Unit #AA5929N,2 Binders Warhammer Fantasy Roleplay - Home Brew,Games & Hobbies,,,,,,
,Tote #11,HeroQuest & Warhammer Fantasy Roleplay,Uhaul Unit #AA5929N,1 Binder Warhammer Fantasy Roleplay - Characters & Quests,Games & Hobbies,,,,,,
,Tote #11,HeroQuest & Warhammer Fantasy Roleplay,Uhaul Unit #AA5929N,1 Binder Warhammer Fantasy Roleplay - Original Game,Games & Hobbies,,,,,,
,Tote #11,HeroQuest & Warhammer Fantasy Roleplay,Uhaul Unit #AA5929N,Are Magica - The Art of Magic (isbn 188099240X),Games & Hobbies,,188099240X,,,,
,Tote #11,HeroQuest & Warhammer Fantasy Roleplay,Uhaul Unit #AA5929N,Warhammer Fantasy Roleplay - Apocrypha Now (isbn 1899749039),Games & Hobbies,,1899749039,,,,
,Tote #11,HeroQuest & Warhammer Fantasy Roleplay,Uhaul Unit #AA5929N,Warhammer Fantasy Roleplay - Apocrypha 2: Chart of Darkness (isbn 1899749179),Games & Hobbies,,1899749179,,,,
,Tote #11,HeroQuest & Warhammer Fantasy Roleplay,Uhaul Unit #AA5929N,Ironsworn Delve (isbn 2370010593501),Games & Hobbies,,2370010593501,,,,
,Tote #11,HeroQuest & Warhammer Fantasy Roleplay,Uhaul Unit #AA5929N,Ironsworn (isbn 2370009168178),Games & Hobbies,,2370009168178,,,,
,Tote #11,HeroQuest & Warhammer Fantasy Roleplay,Uhaul Unit #AA5929N,FrostGrave Core (isbn 9781472805041),Games & Hobbies,,9781472805041,,,,
,Tote #11,HeroQuest & Warhammer Fantasy Roleplay,Uhaul Unit #AA5929N,Call of Cthulhu - Starter Set (isbn-13: 9781568824543),Games & Hobbies,,9781568824543,,,,
,Tote #11,HeroQuest & Warhammer Fantasy Roleplay,Uhaul Unit #AA5929N,The Ultimate RPG Character Backstory Guide (isbn 9781507208373),Games & Hobbies,,9781507208373,,,,
,Tote #11,HeroQuest & Warhammer Fantasy Roleplay,Uhaul Unit #AA5929N,How to Draw Fantasy Art & RPG Maps (isbn 9781440340246),Games & Hobbies,,9781440340246,,,,
,Tote #11,HeroQuest & Warhammer Fantasy Roleplay,Uhaul Unit #AA5929N,Warhammer Fantasy Roleplay - Starter Set (isbn 9780857443366) - Un-Opened,Games & Hobbies,Un-Opened,9780857443366,,,,
7/11/2025 16:53:09,Tote #12,Dungeons & Dragons / Misc Role Playing items / Board Games,Uhaul Unit #AA5929N,Box of dice,Games & Hobbies,Opened - Nothing Missing,,Plastic box with dice,,1,
7/15/2025 15:18:09,Tote #12,Dungeons & Dragons / Misc Role Playing items / Board Games,Uhaul Unit #AA5929N,D&D 5E Notebook - Dungeon Master,Games & Hobbies,Unopened,,Custom Notebook for the Dungeon Master,,1,
7/15/2025 15:18:40,Tote #12,Dungeons & Dragons / Misc Role Playing items / Board Games,Uhaul Unit #AA5929N,D&D 5E Notebook - NPC's,Games & Hobbies,Unopened,,Custom Notebook for NPC's,,1,
7/15/2025 15:19:11,Tote #12,Dungeons & Dragons / Misc Role Playing items / Board Games,Uhaul Unit #AA5929N,D&D 5E Notebook - Maps,Games & Hobbies,Unopened,,Custom Notebook for Maps,,1,
7/15/2025 15:19:43,Tote #12,Dungeons & Dragons / Misc Role Playing items / Board Games,Uhaul Unit #AA5929N,D&D 5E Notebook - Monsters,Games & Hobbies,Unopened,,Custom Notebook for Monsters,,1,
7/15/2025 15:20:34,Tote #12,Dungeons & Dragons / Misc Role Playing items / Board Games,Uhaul Unit #AA5929N,Dungeons & Dragons Starter Set,Games & Hobbies,Opened - Nothing Missing,9780786965595,,,1,
7/15/2025 15:22:07,Tote #12,Dungeons & Dragons / Misc Role Playing items / Board Games,Uhaul Unit #AA5929N,"Dungeons & Dragons - ""Players Handbook""",Games & Hobbies,Opened - Nothing Missing,9780786965601,Hardback Book,,1,
7/15/2025 15:22:50,Tote #12,Dungeons & Dragons / Misc Role Playing items / Board Games,Uhaul Unit #AA5929N,"Dungeons & Dragons - ""Monster Manual""",Games & Hobbies,Opened - Nothing Missing,9780786965618,Hardback Book,,1,
7/15/2025 15:24:45,Tote #12,Dungeons & Dragons / Misc Role Playing items / Board Games,Uhaul Unit #AA5929N,"Dungeons & Dragons Book - ""The Making of Original Dungeons & Dragons 1970-1977""",Games & Hobbies,Opened - Nothing Missing,9780786969852,Hardback Book,,1,
7/15/2025 15:26:12,Tote #12,Dungeons & Dragons / Misc Role Playing items / Board Games,Uhaul Unit #AA5929N,"Dungeons & Dragons Book - ""Mythic Odysseys of Theros""",Games & Hobbies,Unopened,9780786967018,Hardback Book,,1,
7/15/2025 15:27:06,Tote #12,Dungeons & Dragons / Misc Role Playing items / Board Games,Uhaul Unit #AA5929N,"Dungeons & Dragons Book - ""Xanathar's Guide to Everything""",Games & Hobbies,Unopened,9780786966110,Hardback Book,,1,
7/15/2025 15:27:59,Tote #12,Dungeons & Dragons / Misc Role Playing items / Board Games,Uhaul Unit #AA5929N,"Dungeons & Dragons Book - ""Players Handbook""",Games & Hobbies,Unopened,0786915501,Hardback Book,,1,
7/15/2025 15:28:51,Tote #12,Dungeons & Dragons / Misc Role Playing items / Board Games,Uhaul Unit #AA5929N,"Dungeons & Dragons Book - ""Waterdeep - Dragon Heist""",Games & Hobbies,Unopened,9780786966257,Hardback Book,,1,
7/15/2025 15:29:34,Tote #12,Dungeons & Dragons / Misc Role Playing items / Board Games,Uhaul Unit #AA5929N,"Dungeons & Dragons Book - ""Princes of the Apocalypse""",Games & Hobbies,Unopened,9780786965786,Hardback Book,,1,
7/15/2025 15:30:28,Tote #12,Dungeons & Dragons / Misc Role Playing items / Board Games,Uhaul Unit #AA5929N,"Dungeons & Dragons Book - ""Dragonlance - Shadow of the Dragon Queen""",Games & Hobbies,Unopened,9780786968282,Hardback Book,,1,
7/15/2025 15:31:16,Tote #12,Dungeons & Dragons / Misc Role Playing items / Board Games,Uhaul Unit #AA5929N,"Dungeons & Dragons Book - ""Waterdeep - Dungeon of the Mad Mage""",Games & Hobbies,Unopened,9780786966264,Hardback Book,,1,
7/15/2025 15:37:40,Tote #12,Dungeons & Dragons / Misc Role Playing items / Board Games,Uhaul Unit #AA5929N,"Pathfinder - ""Core Rulebook""",Games & Hobbies,Unopened,9781601251503,Hardback Book,,1,
7/15/2025 15:38:50,Tote #12,Dungeons & Dragons / Misc Role Playing items / Board Games,Uhaul Unit #AA5929N,Pathfinder - Character Sheets,Games & Hobbies,Opened - Nothing Missing,,Loose Character Sheets,,1,
7/15/2025 15:40:17,Tote #12,Dungeons & Dragons / Misc Role Playing items / Board Games,Uhaul Unit #AA5929N,"The Game Master's Book of - ""Non-Player Characters""",Games & Hobbies,Unopened,9781948174800,Compatible with 5E DND,,1,
7/15/2025 15:41:11,Tote #12,Dungeons & Dragons / Misc Role Playing items / Board Games,Uhaul Unit #AA5929N,"The Game Master's Book of - ""Astonishing Random Tables""",Games & Hobbies,Unopened,9781956403251,Compatible with 5E DND,,1,
7/15/2025 15:42:03,Tote #12,Dungeons & Dragons / Misc Role Playing items / Board Games,Uhaul Unit #AA5929N,"The Game Master's Book of - ""Legendary Locations""",Games & Hobbies,Unopened,9781964487083,Compatible with 5E DND,,1,
7/15/2025 15:43:29,Tote #12,Dungeons & Dragons / Misc Role Playing items / Board Games,Uhaul Unit #AA5929N,"The Game Master's Book of - ""Legendary Dragons""",Games & Hobbies,Unopened,9781956403053,Compatible with 5E DND,,1,
7/15/2025 15:44:23,Tote #12,Dungeons & Dragons / Misc Role Playing items / Board Games,Uhaul Unit #AA5929N,"The Game Master's Book of - ""Instant Towns and Cities""",Games & Hobbies,Unopened,9781956403985,Compatible with 5E DND,,1,
7/15/2025 15:45:25,Tote #12,Dungeons & Dragons / Misc Role Playing items / Board Games,Uhaul Unit #AA5929N,"The Game Master's Book of - ""Random Encounters""",Games & Hobbies,Unopened,9781948174374,Compatible with 5E DND,,1,
7/15/2025 15:46:20,Tote #12,Dungeons & Dragons / Misc Role Playing items / Board Games,Uhaul Unit #AA5929N,"The Game Master's Book of - ""More Random Encounters""",Games & Hobbies,Unopened,9781956403732,Compatible with 5E DND,,1,
7/15/2025 17:49:18,Tote #12,Dungeons & Dragons / Misc Role Playing items / Board Games,Uhaul Unit #AA5929N,Dungeon & Dragons - The Young Adventurer's Collection (Box Set 1),Games & Hobbies,Unopened,,,,1,
7/15/2025 17:49:34,Tote #12,Dungeons & Dragons / Misc Role Playing items / Board Games,Uhaul Unit #AA5929N,Dungeon & Dragons - The Young Adventurer's Collection (Box Set 2),Games & Hobbies,Opened - Nothing Missing,,,,1,
7/15/2025 17:50:14,Tote #12,Dungeons & Dragons / Misc Role Playing items / Board Games,Uhaul Unit #AA5929N,"Dungeon & Dragons - ""Monster Manual""",Games & Hobbies,Binder - Loose Leaf,,,,1,
7/16/2025 17:09:56,Tote #12,Dungeons & Dragons / Misc Role Playing items / Board Games,Uhaul Unit #AA5929N,Magic The Gathering - Explorers of Ixalan,Games & Hobbies,Opened - Nothing Missing,,Board Game,,1,
7/16/2025 17:10:46,Tote #12,Dungeons & Dragons / Misc Role Playing items / Board Games,Uhaul Unit #AA5929N,Betrayal at House on the Hill,Games & Hobbies,Opened - Nothing Missing,,Board Game - Avalon Hill,,1,
7/16/2025 17:11:37,Tote #12,Dungeons & Dragons / Misc Role Playing items / Board Games,Uhaul Unit #AA5929N,Betrayal Legacy,Games & Hobbies,Unopened,,Board Game - Avalon Hill,,1,
7/16/2025 17:18:44,Tote #12,Dungeons & Dragons / Misc Role Playing items / Board Games,Uhaul Unit #AA5929N,Cards Against Humanity - Green Box,Games & Hobbies,Opened - Nothing Missing,,,,1,
7/16/2025 17:19:26,Tote #12,Dungeons & Dragons / Misc Role Playing items / Board Games,Uhaul Unit #AA5929N,Cards Against Humanity,Games & Hobbies,Opened - Nothing Missing,,Quantity of 2,,1,
7/16/2025 17:20:49,Tote #12,Dungeons & Dragons / Misc Role Playing items / Board Games,Uhaul Unit #AA5929N,Trash Pandas,Games & Hobbies,Unopened,,Board game,,1,
7/16/2025 17:22:02,Tote #12,Dungeons & Dragons / Misc Role Playing items / Board Games,Uhaul Unit #AA5929N,Clue - Game of Thrones,Games & Hobbies,Opened - Nothing Missing,,Board Game,,1,
7/16/2025 17:23:45,Tote #12,Dungeons & Dragons / Misc Role Playing items / Board Games,Uhaul Unit #AA5929N,Bears vs Babies,Games & Hobbies,Opened - Nothing Missing,,,,1,
7/16/2025 17:24:35,Tote #12,Dungeons & Dragons / Misc Role Playing items / Board Games,Uhaul Unit #AA5929N,Monopoly Token Madness,Games & Hobbies,Opened - Nothing Missing,,,,1,
7/17/2025 15:16:26,Tote #13,Puzzles & Remaining Board Games,Uhaul Unit #AA5929N,Risk - Hasbro,Games & Hobbies,Opened - Nothing Missing,,,,1,
7/17/2025 15:18:03,Tote #13,Puzzles & Remaining Board Games,Uhaul Unit #AA5929N,Puzzle - Parrot Rainbow - 1000 piece,Games & Hobbies,Opened - Nothing Missing,,,https://drive.google.com/open?id=1iJet3VjxgEOCiI6M-d1yl55M_ds2A30Y,1,
7/17/2025 15:18:30,Tote #13,Puzzles & Remaining Board Games,Uhaul Unit #AA5929N,Scrabble,Games & Hobbies,Opened - Nothing Missing,,,,1,
7/17/2025 15:21:27,Tote #13,Puzzles & Remaining Board Games,Uhaul Unit #AA5929N,Puzzle - The Bizarre Bookshop #2 - Ravensburger 1000 piece,Games & Hobbies,Opened - Nothing Missing,,,https://drive.google.com/open?id=1grvnY4hSQ19urkNzJYHPyfTUAWDPDvXa,1,
7/17/2025 15:22:30,Tote #13,Puzzles & Remaining Board Games,Uhaul Unit #AA5929N,Puzzle - Rick and Morty - 1000 piece,Games & Hobbies,Opened - Nothing Missing,,,https://drive.google.com/open?id=1lHxCDly31dQq45ml9KkQf_ugSD8X6D0w,1,
7/17/2025 15:23:40,Tote #13,Puzzles & Remaining Board Games,Uhaul Unit #AA5929N,Puzzle - Myersalome - 1000 pieces,Games & Hobbies,Opened - Nothing Missing,,,https://drive.google.com/open?id=1xZtO6BKzO1bNgkTEWmevPf5X5We0jWAY,1,
7/17/2025 15:24:43,Tote #13,Puzzles & Remaining Board Games,Uhaul Unit #AA5929N,Board Game - Pandemic,Games & Hobbies,Unopened,,,,1,
7/17/2025 15:26:51,Tote #13,Puzzles & Remaining Board Games,Uhaul Unit #AA5929N,Puzzle - Joy Mags Luminous Forest - 1000 pieces,Games & Hobbies,Unopened,,,https://drive.google.com/open?id=10urMu9mnlTTScLCzlgPnR-NQD9nwsiwH,1,
7/17/2025 15:27:47,Tote #13,Puzzles & Remaining Board Games,Uhaul Unit #AA5929N,What do you MEME?,Games & Hobbies,Opened - Nothing Missing,,Card game,,1,
7/17/2025 15:28:42,Tote #13,Puzzles & Remaining Board Games,Uhaul Unit #AA5929N,Skip-Bo,Games & Hobbies,Opened - Nothing Missing,,Card Game,,1,
7/17/2025 15:29:18,Tote #13,Puzzles & Remaining Board Games,Uhaul Unit #AA5929N,Uno - Harry Potter Edition,Games & Hobbies,Opened - Nothing Missing,,,,1,
7/17/2025 15:30:29,Tote #13,Puzzles & Remaining Board Games,Uhaul Unit #AA5929N,Double Twelve Dominies,Games & Hobbies,Opened - Nothing Missing,,Tin box,,1,
7/17/2025 15:31:58,Tote #13,Puzzles & Remaining Board Games,Uhaul Unit #AA5929N,Puzzle - Reflections - Buffalo 750 pieces,Games & Hobbies,Opened - Nothing Missing,,,https://drive.google.com/open?id=1isv6Oag2Lfm6zWV2dlxozJ4qmU72vz_M,1,
7/17/2025 15:34:01,Tote #13,Puzzles & Remaining Board Games,Uhaul Unit #AA5929N,Puzzle - The Cats of Charles Wysocki - Buffalo 750 pieces,Games & Hobbies,Opened - Nothing Missing,,,https://drive.google.com/open?id=1Iwi2XLAR6PYiU65UAl-_DxUbnJkKj1kY,1,
7/17/2025 15:35:52,Tote #13,Puzzles & Remaining Board Games,Uhaul Unit #AA5929N,Puzzle - Zodiac Horoscope - 500 pieces,Games & Hobbies,Opened - Nothing Missing,,,https://drive.google.com/open?id=1fm1L5hvJ4ovwd3rbWp_Ee47nzGlGN6OJ,1,
7/17/2025 15:37:18,Tote #13,Puzzles & Remaining Board Games,Uhaul Unit #AA5929N,Puzzle - All good things are wild & free - 1000 pieces,Games & Hobbies,Opened - Nothing Missing,,,https://drive.google.com/open?id=1pMSkyhETEuxkPkDJJsyXqMRByQTSuMZF,1,
7/17/2025 15:39:11,Tote #13,Puzzles & Remaining Board Games,Uhaul Unit #AA5929N,Phase 10,Games & Hobbies,Opened - Nothing Missing,,Card Game,,1,
7/17/2025 15:40:08,Tote #13,Puzzles & Remaining Board Games,Uhaul Unit #AA5929N,Puzzle - Dangerous Women Read - 1000 pieces,Games & Hobbies,Opened - Nothing Missing,,,https://drive.google.com/open?id=1VyX3XeOhsilTJXsVu8E3WjSD6FgMsQFq,1,
7/17/2025 15:41:57,Tote #13,Puzzles & Remaining Board Games,Uhaul Unit #AA5929N,Puzzle - Star Wars - Buffalo 1000 pieces,Games & Hobbies,Opened - Nothing Missing,,,https://drive.google.com/open?id=1owQWgkXuRK-mXL-HMEcCr8V99lwlNSfW,1,
7/17/2025 15:44:26,Tote #13,Puzzles & Remaining Board Games,Uhaul Unit #AA5929N,Puzzle - Escape Puzzle - 759 pieces,Games & Hobbies,Opened - Nothing Missing,,,https://drive.google.com/open?id=1ImcVA8Lllh4BcYa8h1oMjZG-Jmyum_Zq,1,
7/17/2025 15:44:49,Tote #13,Puzzles & Remaining Board Games,Uhaul Unit #AA5929N,Board Game - Donner Dinner Party,Games & Hobbies,Opened - Nothing Missing,,,,1,
7/17/2025 15:45:33,Tote #13,Puzzles & Remaining Board Games,Uhaul Unit #AA5929N,Board Game - 5 Second Rule,Games & Hobbies,Opened - Nothing Missing,,,,1,
7/17/2025 15:47:20,Tote #13,Puzzles & Remaining Board Games,Uhaul Unit #AA5929N,Custom Bone RP dice set,Games & Hobbies,Opened - Nothing Missing,,,https://drive.google.com/open?id=1xT7jmgRZNOO2RV1Yc9r4LkFXAvkNKIv-,1,
7/17/2025 15:48:34,Tote #13,Puzzles & Remaining Board Games,Uhaul Unit #AA5929N,Magic The Gathering - Red and Blue Leather Deck Holder,Games & Hobbies,Unopened,,,,1,
7/17/2025 15:49:56,Tote #13,Puzzles & Remaining Board Games,Uhaul Unit #AA5929N,Puzzle - Thomas Kinkade Victorian Christmas - 1000 pieces,Games & Hobbies,Opened - Nothing Missing,,,https://drive.google.com/open?id=14wUOEv8etzeLFMPBsD6Scph1g5ymSixM,1,
10/30/2025 9:04:42,Tote #20 (Red),Magic the Gargering Cards And Decks,Uhaul Unit #AA96143,Decks - Purple Case With Printed Deck Cases,Games & Hobbies,,,,,1,
10/30/2025 9:05:19,Tote #20 (Red),Magic the Gargering Cards And Decks,Uhaul Unit #AA96144,Deck - Black Case with Pre Made Decks,Games & Hobbies,,,,,2,
10/30/2025 9:05:58,Tote #20 (Red),Magic the Gargering Cards And Decks,Uhaul Unit #AA96145,Deck - LotR Themed Deck Storage,Games & Hobbies,,,,,1,
10/30/2025 9:07:24,Tote #20 (Red),Magic the Gargering Cards And Decks,Uhaul Unit #AA96146,Binder - labeled with what’s inside ,Games & Hobbies,,,,,11,
10/30/2025 9:08:15,Tote #20 (Red),Magic the Gargering Cards And Decks,Uhaul Unit #AA96147,Valuable Cards Case,Games & Hobbies,,,,https://drive.google.com/open?id=1FqzCpbDQ3LTy4O1MjWA-bs5drO7GxQvN,1,
10/30/2025 9:09:01,Tote #20 (Red),Magic the Gargering Cards And Decks,Uhaul Unit #AA96148,Storage boxes,Games & Hobbies,Unopened,,,,6,
10/30/2025 9:09:39,Tote #21 (Red),Magic the Gargering Cards And Decks,Uhaul Unit #AA96149,Storage boxes ,Games & Hobbies,,,,,6,
10/30/2025 11:20:16,Tote #21(Red),Magic the Gartering Continued & Office Books,Uhaul Unit #AA96150,Card Scanner - in box,Games & Hobbies,,,,,1,
11/2/2025 10:43:42,Suitcase #1,"Halloween - blowmolds, wreath, 3D printed ghosts",,"Halloween blowmolds, wreath, witch picture, 3D printed ghosts",Holiday Storage,,,,,1,11/2/2025
11/2/2025 11:32:39,Suitcase #3,Fabric,,Halloween fabric and fleece fabric,Games & Hobbies,,,,,,
11/2/2025 12:18:44,Tote #30,Pretty Stuff,,"Year decor, Star Wars shelf items, baby kimonos, clocks, brass roosters.",Household Storage,,,,,,
11/2/2025 12:50:19,Suitcase #4,Fabric,,Costume fabric and fleeces,Games & Hobbies,,,,,,
11/2/2025 13:40:48,Tote #31,Blue Japanese China,,Blue Japanese China and frames.,Misc,,,,,,
11/2/2025 15:17:38,Tote #33,Halloween,,Halloween fragile decorations. Shelf decor. ,Holiday Storage,,,,,,
,Tote #21(Red),Magic the Gartering Continued & Office Books,Uhaul Unit #AA96151,Football Cards Binder,,,,,,,
,Tote #21(Red),Magic the Gartering Continued & Office Books,Uhaul Unit #AA96152,Basketball Cards Binder,,,,,,,
,Tote #21(Red),Magic the Gartering Continued & Office Books,Uhaul Unit #AA96153,Books,,,,,,,
,Tote #21(Red),Magic the Gartering Continued & Office Books,Uhaul Unit #AA96154,Journals,,,,,,,
,Tote #21(Red),Magic the Gartering Continued & Office Books,Uhaul Unit #AA96155,,,,,,,,